RADICL_mESC	1FA_n1	1FA.1	ATCACG	1	RNA-DNA/1FA_n1/16.ATCACG.PCRremoved.bed.gz
RADICL_mESC	1FA_n1	1FA.1	GCCAAT	1	RNA-DNA/1FA_n1/16.GCCAAT.PCRremoved.bed.gz
RADICL_mESC	1FA_n1	1FA.1	GGCTAC	1	RNA-DNA/1FA_n1/16.GGCTAC.PCRremoved.bed.gz
RADICL_mESC	1FA_n1	1FA.1	TAGCTT	1	RNA-DNA/1FA_n1/16.TAGCTT.PCRremoved.bed.gz
RADICL_mESC	1FA_n2	1FA.2	ACAGTG	1	RNA-DNA/1FA_n2/16.ACAGTG.PCRremoved.bed.gz
RADICL_mESC	1FA_n2	1FA.2	ACTTGA	1	RNA-DNA/1FA_n2/16.ACTTGA.PCRremoved.bed.gz
RADICL_mESC	1FA_n2	1FA.2	ATCACG	1	RNA-DNA/1FA_n2/16.ATCACG.PCRremoved.bed.gz
RADICL_mESC	1FA_n2	1FA.2	GATCAG	1	RNA-DNA/1FA_n2/16.GATCAG.PCRremoved.bed.gz
RADICL_mESC	1FA_n2	1FA.2	GGCTAC	1	RNA-DNA/1FA_n2/16.GGCTAC.PCRremoved.bed.gz
RADICL_mESC	1FA_n2	1FA.2	TAGCTT	1	RNA-DNA/1FA_n2/16.TAGCTT.PCRremoved.bed.gz
RADICL_mESC	1FA_n3	1FA.3	ACTTGA	1	RNA-DNA/1FA_n3/16.ACTTGA.PCRremoved.bed.gz
RADICL_mESC	1FA_n3	1FA.3	CAGATC	1	RNA-DNA/1FA_n3/16.CAGATC.PCRremoved.bed.gz
RADICL_mESC	1FA_n3	1FA.3	GATCAG	1	RNA-DNA/1FA_n3/16.GATCAG.PCRremoved.bed.gz
RADICL_mESC	1FA_n3	1FA.3	GCCAAT	1	RNA-DNA/1FA_n3/16.GCCAAT.PCRremoved.bed.gz
RADICL_mESC	1FA_n3	1FA.3	GGCTAC	1	RNA-DNA/1FA_n3/16.GGCTAC.PCRremoved.bed.gz
RADICL_mESC	1FA_n3	1FA.3	TAGCTT	1	RNA-DNA/1FA_n3/16.TAGCTT.PCRremoved.bed.gz
RADICL_mESC	2FA_n1	2FA.1	ACAGTG	1	RNA-DNA/2FA_n1/16.ACAGTG.PCRremoved.bed.gz
RADICL_mESC	2FA_n1	2FA.1	ACTTGA	1	RNA-DNA/2FA_n1/16.ACTTGA.PCRremoved.bed.gz
RADICL_mESC	2FA_n1	2FA.1	CAGATC	1	RNA-DNA/2FA_n1/16.CAGATC.PCRremoved.bed.gz
RADICL_mESC	2FA_n1	2FA.1	GATCAG	1	RNA-DNA/2FA_n1/16.GATCAG.PCRremoved.bed.gz
RADICL_mESC	2FA_n2	2FA.2	ACAGTG	1	RNA-DNA/2FA_n2/16.ACAGTG.PCRremoved.bed.gz
RADICL_mESC	2FA_n2	2FA.2	ACTTGA	1	RNA-DNA/2FA_n2/16.ACTTGA.PCRremoved.bed.gz
RADICL_mESC	2FA_n2	2FA.2	ATCACG	1	RNA-DNA/2FA_n2/16.ATCACG.PCRremoved.bed.gz
RADICL_mESC	2FA_n2	2FA.2	CAGATC	1	RNA-DNA/2FA_n2/16.CAGATC.PCRremoved.bed.gz
RADICL_mESC	2FA_n2	2FA.2	GATCAG	1	RNA-DNA/2FA_n2/16.GATCAG.PCRremoved.bed.gz
RADICL_mESC	2FA_n2	2FA.2	GGCTAC	1	RNA-DNA/2FA_n2/16.GGCTAC.PCRremoved.bed.gz
RADICL_mESC	2FA_n3	2FA.3	ACTTGA	1	RNA-DNA/2FA_n3/16.ACTTGA.PCRremoved.bed.gz
RADICL_mESC	2FA_n3	2FA.3	CAGATC	1	RNA-DNA/2FA_n3/16.CAGATC.PCRremoved.bed.gz
RADICL_mESC	2FA_n3	2FA.3	GCCAAT	1	RNA-DNA/2FA_n3/16.GCCAAT.PCRremoved.bed.gz
RADICL_mESC	2FA_n3	2FA.3	GGCTAC	1	RNA-DNA/2FA_n3/16.GGCTAC.PCRremoved.bed.gz
RADICL_mESC	ActD4hr_n1	4h_ActD.1	ACAGTG	1	RNA-DNA/ActD4hr_n1/16.ACAGTG.PCRremoved.bed.gz
RADICL_mESC	ActD4hr_n1	4h_ActD.1	ACTTGA	1	RNA-DNA/ActD4hr_n1/16.ACTTGA.PCRremoved.bed.gz
RADICL_mESC	ActD4hr_n1	4h_ActD.1	ATCACG	1	RNA-DNA/ActD4hr_n1/16.ATCACG.PCRremoved.bed.gz
RADICL_mESC	ActD4hr_n1	4h_ActD.1	CAGATC	1	RNA-DNA/ActD4hr_n1/16.CAGATC.PCRremoved.bed.gz
RADICL_mESC	ActD4hr_n1	4h_ActD.1	GATCAG	1	RNA-DNA/ActD4hr_n1/16.GATCAG.PCRremoved.bed.gz
RADICL_mESC	ActD4hr_n1	4h_ActD.1	GCCAAT	1	RNA-DNA/ActD4hr_n1/16.GCCAAT.PCRremoved.bed.gz
RADICL_mESC	ActD4hr_n2	4h_ActD.2	ACTTGA	1	RNA-DNA/ActD4hr_n2/16.ACTTGA.PCRremoved.bed.gz
RADICL_mESC	ActD4hr_n2	4h_ActD.2	GATCAG	1	RNA-DNA/ActD4hr_n2/16.GATCAG.PCRremoved.bed.gz
RADICL_mESC	ActD4hr_n2	4h_ActD.2	GGCTAC	1	RNA-DNA/ActD4hr_n2/16.GGCTAC.PCRremoved.bed.gz
RADICL_mESC	ActD4hr_n2	4h_ActD.2	TAGCTT	1	RNA-DNA/ActD4hr_n2/16.TAGCTT.PCRremoved.bed.gz
RADICL_mESC	Control1_n1	Control.1	ACAGTG	1	RNA-DNA/Control1_n1/16.ACAGTG.PCRremoved.bed.gz
RADICL_mESC	Control1_n1	Control.1	ACTTGA	1	RNA-DNA/Control1_n1/16.ACTTGA.PCRremoved.bed.gz
RADICL_mESC	Control1_n1	Control.1	ATCACG	1	RNA-DNA/Control1_n1/16.ATCACG.PCRremoved.bed.gz
RADICL_mESC	Control1_n1	Control.1	GATCAG	1	RNA-DNA/Control1_n1/16.GATCAG.PCRremoved.bed.gz
RADICL_mESC	Control1_n1	Control.1	GGCTAC	1	RNA-DNA/Control1_n1/16.GGCTAC.PCRremoved.bed.gz
RADICL_mESC	Control1_n1	Control.1	TAGCTT	1	RNA-DNA/Control1_n1/16.TAGCTT.PCRremoved.bed.gz
RADICL_mESC	ResequencingC1_n1	Control.1	ACAGTG	2	RNA-DNA/ResequencingC1_n1/16.ACAGTG.PCRremoved.bed.gz
RADICL_mESC	ResequencingC1_n1	Control.1	ACTTGA	2	RNA-DNA/ResequencingC1_n1/16.ACTTGA.PCRremoved.bed.gz
RADICL_mESC	ResequencingC1_n1	Control.1	ATCACG	2	RNA-DNA/ResequencingC1_n1/16.ATCACG.PCRremoved.bed.gz
RADICL_mESC	ResequencingC1_n1	Control.1	GATCAG	2	RNA-DNA/ResequencingC1_n1/16.GATCAG.PCRremoved.bed.gz
RADICL_mESC	ResequencingC1_n1	Control.1	GGCTAC	2	RNA-DNA/ResequencingC1_n1/16.GGCTAC.PCRremoved.bed.gz
RADICL_mESC	ResequencingC1_n1	Control.1	TAGCTT	2	RNA-DNA/ResequencingC1_n1/16.TAGCTT.PCRremoved.bed.gz
RADICL_mESC	Control1_n2	Control.2	ACAGTG	1	RNA-DNA/Control1_n2/16.ACAGTG.PCRremoved.bed.gz
RADICL_mESC	Control1_n2	Control.2	ACTTGA	1	RNA-DNA/Control1_n2/16.ACTTGA.PCRremoved.bed.gz
RADICL_mESC	Control1_n2	Control.2	ATCACG	1	RNA-DNA/Control1_n2/16.ATCACG.PCRremoved.bed.gz
RADICL_mESC	Control1_n2	Control.2	GATCAG	1	RNA-DNA/Control1_n2/16.GATCAG.PCRremoved.bed.gz
RADICL_mESC	Control1_n2	Control.2	GGCTAC	1	RNA-DNA/Control1_n2/16.GGCTAC.PCRremoved.bed.gz
RADICL_mESC	Control1_n2	Control.2	TAGCTT	1	RNA-DNA/Control1_n2/16.TAGCTT.PCRremoved.bed.gz
RADICL_mOPC	1FA_n1	1FA.1	NNNNNN	1	OPCs/GCB1FAn1_Q37.bed.gz
RADICL_mOPC	1FA_n2	1FA.2	NNNNNN	1	OPCs/GCB1FAn2_Q37.bed.gz
RADICL_mOPC	1FA_n3	1FA.3	NNNNNN	1	OPCs/GCB2FAn1_Q37.bed.gz
RADICL_mOPC	Control_n1	Control.1	NNNNNN	1	OPCs/GCB2FActrl1_Q37.bed.gz
RADICL_mOPC	Control_n2	Control.2	NNNNNN	1	OPCs/GCBctrl2_Q37.bed.gz
GRID_mESC	GRIDseq_n1	GRIDseq.1	NNNNNN	1	GRIDseq/16.rep1.PCRremoved.bed.gz
GRID_mESC	GRIDseq_n2	GRIDseq.2	NNNNNN	1	GRIDseq/16.rep2.PCRremoved.bed.gz